asset_id,timestamp,model,response,fall_height_value,fall_height_confidence,has_pedestrian_railing_value,has_pedestrian_railing_confidence,material_value,material_confidence,number_of_steps_value,number_of_steps_confidence,structure_position_value,structure_position_confidence
51695,2026-05-15T15:58:56.769998,gemini-3-flash-preview,"{
    ""fall_height"": {
        ""value"": ""medium (0.5m-1.2m)"",
        ""confidence"": 0.9
    },
    ""has_pedestrian_railing"": {
        ""value"": ""no railings"",
        ""confidence"": 1.0
    },
    ""material"": {
        ""value"": ""Concrete"",
        ""confidence"": 0.9
    },
    ""number_of_steps"": {
        ""value"": ""4"",
        ""confidence"": 1.0
    },
    ""structure_position"": {
        ""value"": ""At-Grade"",
        ""confidence"": 1.0
    }
}",medium (0.5m-1.2m),0.9,no railings,1.0,Concrete,0.9,4,1.0,At-Grade,1.0
